variant_key,benchmark_key,benchmark_label,rmse,mae,r2,oos_r2,sign_accuracy,delta_rmse_vs_selected,delta_mae_vs_selected,delta_r2_vs_selected,delta_oos_r2_vs_selected,delta_sign_acc_vs_selected
linear_svm__sigmoid,selected_final_model,random_forest + two_stage_v2_core,0.014453339058507915,0.009366579878025014,-0.015483118035748644,0.00766351629018136,0.6486486486486487,0.0,0.0,0.0,0.0,0.0
linear_svm__sigmoid,macro_only_random_forest,RandomForest + macro_only,0.014470575293508385,0.009331325901906195,-0.017906577721803263,0.005295296257214477,0.6351351351351351,1.7236235000470806e-05,-3.5253976118818434e-05,-0.0024234596860546187,-0.0023682200329668834,-0.013513513513513598
linear_svm__sigmoid,random_walk_zero,Random Walk (Zero),0.01460597535723989,0.009494759625686595,-0.0370446451266655,-0.013406543464432152,0.0,0.00015263629873197605,0.00012817974766158105,-0.021561527090916854,-0.021070059754613513,-0.6486486486486487
linear_svm__sigmoid,macro_only_ridge,Ridge + macro_only,0.014609980069479304,0.009378672404588966,-0.03761340340974173,-0.013962337632434041,0.581081081081081,0.0001566410109713895,1.2092526563952169e-05,-0.022130285373993086,-0.0216258539226154,-0.06756756756756765
